facebook.com,"This domain is no longer available.
Whois / more info"
google.com,"This domain is no longer available.
Whois / more info"
twitter.com,"This domain is no longer available.
Whois / more info"
youtube.com,"This domain is no longer available.
Whois / more info"
instagram.com,"This domain is no longer available.
Whois / more info"
googletagmanager.com,"This domain is no longer available.
Whois / more info"
linkedin.com,"This domain is no longer available.
Whois / more info"
gmpg.org,"This domain is no longer available.
Whois / more info"
youtu.be,"This domain is no longer available.
Whois / more info"
pinterest.com,"This domain is no longer available.
Whois / more info"
github.com,"This domain is no longer available.
Whois / more info"
(see the .ly sheet),"The minimum length must be 4 characters.
(see the .ly sheet)"
wordpress.org,"This domain is no longer available.
Whois / more info"
goo.gl,"This domain is no longer available.
Whois / more info"
vimeo.com,"This domain is no longer available.
Whois / more info"
amazon.com,"This domain is no longer available.
Whois / more info"
medium.com,"This domain is no longer available.
Whois / more info"
flickr.com,"This domain is no longer available.
Whois / more info"
(see the .co sheet),"The minimum length must be 2 characters.
(see the .co sheet)"
dropbox.com,"This domain is no longer available.
Whois / more info"
paypal.com,"This domain is no longer available.
Whois / more info"
creativecommons.org,"This domain is no longer available.
Whois / more info"
asjdfkjdlal.vn,Register
google-analytics.com,"This domain is no longer available.
Whois / more info"
vk.com,"This domain is no longer available.
Whois / more info"
nytimes.com,"This domain is no longer available.
Whois / more info"
soundcloud.com,"This domain is no longer available.
Whois / more info"
microsoft.com,"This domain is no longer available.
Whois / more info"
wordpress.com,"This domain is no longer available.
Whois / more info"
(see the .org sheet),"The minimum length must be 3 characters.
(see the .org sheet)"
reddit.com,"This domain is no longer available.
Whois / more info"
t.me,"This domain is no longer available.
Whois / more info"
tinyurl.com,"This domain is no longer available.
Whois / more info"
wp.me,"This domain is no longer available.
Whois / more info"
gstatic.com,"This domain is no longer available.
Whois / more info"
cloudflare.com,"This domain is no longer available.
Whois / more info"
tiktok.com,"This domain is no longer available.
Whois / more info"
imdb.com,"This domain is no longer available.
Whois / more info"
forbes.com,"This domain is no longer available.
Whois / more info"
theguardian.com,"This domain is no longer available.
Whois / more info"
ibm.com,"This domain is no longer available.
Whois / more info"
apple.com,"This domain is no longer available.
Whois / more info"
ted.com,"This domain is no longer available.
Whois / more info"
